filename,edge_association,EN,std2,SSIM,cc,SF,VIFF,psnr,avg_gradient,edge_intensity,figure_definition,relatively_warp,SCD,Nabf,MS-SSIM
00043.png,0.4369358255447204,6.426316261291504,26.726533889770508,1.6030373573303223,0.6961563229560852,9.303096771240234,0.40795910358428955,20.704712867736816,2.3782873153686523,23.518959039314993,3.176541805267334,0.10616002604365349,1.180834412574768,0.017142982991258576,0
00044.png,0.4190886852796961,6.352546691894531,25.77828025817871,1.6299705505371094,0.6889481544494629,9.116408348083496,0.4107396900653839,21.103665351867676,2.1323773860931396,20.92303309458984,2.911482334136963,0.1140325665473938,1.1749306917190552,0.014514990176589406,0
00045.png,0.41501084666750465,6.206113815307617,21.890344619750977,1.6368275880813599,0.7274855375289917,8.7368745803833,0.3729535937309265,21.200936317443848,2.0189871788024902,19.793958349930982,2.760829210281372,0.17920063808560371,1.0282506942749023,0.009219981477596605,0
00046.png,0.40191898587881536,6.197019577026367,20.63776397705078,1.6295217275619507,0.7440190315246582,8.2876558303833,0.3871907889842987,21.18670082092285,1.8987884521484375,18.56232647625635,2.6350605487823486,0.14694857131689787,1.0876710414886475,0.009343969802561818,0
00047.png,0.42121705149083943,6.409555912017822,24.938871383666992,1.6451082825660706,0.7627851366996765,7.567962169647217,0.39353233575820923,21.578557014465332,1.9485887289047241,19.225923212391145,2.673551321029663,-0.14489808678627014,1.0733522176742554,0.010522996192459819,0
00048.png,0.43841938729144475,6.560940742492676,27.590898513793945,1.615102469921112,0.788627564907074,8.473312377929688,0.3844958543777466,21.152255058288574,2.2228918075561523,22.183479575549192,2.993861675262451,-0.04507721960544586,0.9396071434020996,0.009840555854367408,0
00049.png,0.45247962852971485,6.630688667297363,28.760412216186523,1.6149290800094604,0.8122669458389282,8.233047485351562,0.4076479375362396,21.438759803771973,2.166239023208618,21.519669689062066,2.9462952613830566,0.031826093792915344,0.8698620796203613,0.01258805618198487,0
00050.png,0.47061572481638686,6.623636722564697,28.16922378540039,1.5664872527122498,0.7306140661239624,9.774765014648438,0.38689273595809937,19.790454864501953,2.4155619144439697,24.08372685075294,3.2743020057678223,0.17009592801332474,1.1640363931655884,0.015252957706412955,0
00051.png,0.43724293120219393,6.277431011199951,22.14663314819336,1.6248723864555359,0.7154929637908936,8.090746879577637,0.3369247317314148,21.6064510345459,1.987613558769226,19.507477002086215,2.749361991882324,0.1921100332401693,0.9134793281555176,0.015517099428283804,0
00085.png,0.4930667311246716,6.53476619720459,26.792448043823242,1.56191086769104,0.5263878107070923,8.303365707397461,0.3671981692314148,18.67873477935791,2.539201259613037,25.351493404900012,3.335893154144287,0.06930100917816162,1.3893002271652222,0.02161880151309354,0
00086.png,0.4916909539458346,6.487524509429932,26.163450241088867,1.5625718832015991,0.5239703059196472,8.1714506149292,0.3484388291835785,19.10109519958496,2.5494065284729004,25.557075558793176,3.3361709117889404,0.06992298364639282,1.3814018964767456,0.02045865008908167,0
00087.png,0.5035280827872537,6.4676337242126465,25.884029388427734,1.5542978644371033,0.5264531373977661,8.378337860107422,0.36255133152008057,19.263148307800293,2.6255764961242676,26.3605170413796,3.419640302658081,0.089581698179245,1.391087293624878,0.020697429036437162,0
00088.png,0.5366945496171748,6.380486488342285,25.906137466430664,1.5324158072471619,0.5445858240127563,9.342848777770996,0.36425918340682983,18.93191909790039,2.9005112648010254,29.191565013296344,3.740882635116577,0.09726683795452118,1.4526610374450684,0.01782954066759896,0
00089.png,0.3773696566469736,6.351046085357666,20.95539093017578,1.4447616338729858,0.614790678024292,8.533634185791016,0.290091335773468,14.034692287445068,2.931821584701538,28.843257795757104,3.8001811504364014,0.09195459634065628,0.9842342138290405,0.05866643963925531,0
00090.png,0.5038966931238188,6.352689743041992,20.1299991607666,1.3798505663871765,0.4970713257789612,10.826394081115723,0.2688518166542053,14.024980545043945,4.0408124923706055,40.42269320732335,5.072854518890381,0.20263233268633485,1.3573534488677979,0.045788234103318386,0
00121.png,0.6184589287166588,6.5592193603515625,23.558231353759766,1.3040079474449158,0.5073046088218689,17.059917449951172,0.3827250599861145,15.606430530548096,5.659854412078857,57.207470567253814,7.151270866394043,0.24292509257793427,1.6677391529083252,0.03349299731563917,0
00122.png,0.6127271060732179,6.4607744216918945,22.84248161315918,1.3447044491767883,0.466023325920105,14.74003791809082,0.4426693618297577,15.203097820281982,4.778194904327393,48.315280850674796,6.076926231384277,0.24184820801019669,1.6977382898330688,0.03502682836116503,0
00123.png,0.6082168273968284,6.43095588684082,22.017580032348633,1.3670200109481812,0.46031254529953003,14.920422554016113,0.4113713502883911,14.999654293060303,4.565975666046143,46.03958439556145,5.855396747589111,0.2417428344488144,1.7069977521896362,0.036334688108070806,0
00124.png,0.6065728294175721,6.442183494567871,22.152433395385742,1.3691712021827698,0.4318055510520935,14.83997631072998,0.4018920958042145,15.397146701812744,4.588646411895752,46.130376891176034,5.893592834472656,0.2355157993733883,1.7755389213562012,0.034675697255539255,0
00125.png,0.5965777591617951,6.263328552246094,19.729488372802734,1.4207682609558105,0.39417073130607605,13.244074821472168,0.3995746970176697,16.07546091079712,4.061222553253174,40.67634597053379,5.2487945556640625,0.3018639460206032,1.773106575012207,0.036253145499190384,0
00126.png,0.5007937607081604,6.7302937507629395,27.675935745239258,1.6344661116600037,0.8321129083633423,10.694692611694336,0.3838855028152466,22.57987403869629,2.81368088722229,27.498941821927744,3.7460172176361084,0.12906236574053764,0.7745641469955444,0.03702610612575206,0
00127.png,0.5169393167435067,6.711864471435547,27.353443145751953,1.6353950500488281,0.8373379707336426,10.982220649719238,0.37535524368286133,22.784095764160156,2.8343944549560547,27.64712702367602,3.769390106201172,0.12690004706382751,0.8294073343276978,0.02909650992108852,0
00128.png,0.5109324724438555,6.634099960327148,25.727312088012695,1.6895073056221008,0.8237109780311584,9.865779876708984,0.36944448947906494,22.55392074584961,2.330425262451172,22.489624612821995,3.176764726638794,0.11654885485768318,0.9471986293792725,0.0309522484589375,0
00129.png,0.5128483573806665,6.705445289611816,27.38784408569336,1.6812114119529724,0.8113834857940674,9.766148567199707,0.39407384395599365,22.589646339416504,2.303879499435425,22.438110020071907,3.1527063846588135,0.07292356714606285,1.041966438293457,0.02418228811878594,0
00130.png,0.49769260092213974,6.537712097167969,24.262292861938477,1.684891939163208,0.7045928239822388,9.147071838378906,0.37633728981018066,21.648707389831543,2.1229257583618164,20.652273273762123,2.9445624351501465,0.11253587156534195,1.2961965799331665,0.01815103122684513,0
00131.png,0.4660865284977419,6.484986305236816,23.241872787475586,1.721068799495697,0.8127715587615967,7.342763900756836,0.35037434101104736,22.546077728271484,1.780365228652954,17.122302097982917,2.512505292892456,0.16460848599672318,0.8620284795761108,0.014524271855525035,0
00132.png,0.46430537634038915,6.520517349243164,24.195154190063477,1.7335060834884644,0.8132933378219604,7.921065807342529,0.3546571731567383,23.21500015258789,1.8484418392181396,17.64636046789946,2.6025583744049072,0.13816960901021957,0.9543737769126892,0.01955961757804248,0
00133.png,0.5793422333508791,6.687881946563721,26.811372756958008,1.559418797492981,0.7638959884643555,14.417964935302734,0.5340789556503296,20.42147922515869,3.83813738822937,38.36318660556503,5.0058794021606445,0.1469595469534397,0.9859744310379028,0.029672479834257606,0
00134.png,0.5277338263576747,6.737649917602539,27.37519645690918,1.5423417687416077,0.7881674766540527,13.697287559509277,0.5159471035003662,19.757591247558594,3.8239316940307617,37.64460968200428,5.018151760101318,0.12585688009858131,0.90330570936203,0.04977691023752211,0
00135.png,0.5516948575601184,6.734846115112305,27.904977798461914,1.5561094880104065,0.8021198511123657,14.042183876037598,0.5433140993118286,19.831867218017578,3.808396100997925,37.78102173522363,4.988356113433838,0.09092444367706776,0.9507604241371155,0.03872348078903346,0
00166.png,0.538220939071598,6.859118461608887,35.28437805175781,1.2018035352230072,0.5263086557388306,18.406558990478516,0.3601033389568329,13.456714630126953,6.314416408538818,66.20245012914701,7.868354797363281,0.34479114413261414,1.647977590560913,0.016224238664414456,0
00167.png,0.5343631526208261,6.851626396179199,35.179256439208984,1.1975413858890533,0.5243281722068787,18.500476837158203,0.3587836027145386,13.360871315002441,6.274397373199463,65.71654958308197,7.8014020919799805,0.3523353934288025,1.6497304439544678,0.01550528987221478,0
00168.png,0.5340775791491317,6.914255142211914,36.353912353515625,1.1889423727989197,0.5537811517715454,19.55780029296875,0.3688567280769348,13.652448177337646,6.749583721160889,70.7627275741304,8.394901275634766,0.32048553228378296,1.6063604354858398,0.01894460312358361,0
00169.png,0.5388355026913785,6.915611267089844,36.474979400634766,1.1971727013587952,0.5539634227752686,19.571239471435547,0.3743543028831482,13.651888847351074,6.767233848571777,70.94033313829966,8.379013061523438,0.32525457441806793,1.598414421081543,0.01816609603520926,0
00170.png,0.5419280496499265,6.90947151184082,36.187923431396484,1.198698103427887,0.5596418380737305,19.868083953857422,0.377102792263031,13.828065872192383,6.880674839019775,72.12726891771277,8.54427433013916,0.3242614269256592,1.573482632637024,0.01877047325609077,0
00171.png,0.5395921593928142,6.9585394859313965,36.57309341430664,1.183848798274994,0.5492398142814636,20.2027530670166,0.3689330816268921,13.601324081420898,7.054609298706055,73.9231544406225,8.749402046203613,0.3200661242008209,1.6153271198272705,0.020342639108270468,0
00207.png,0.5170499032109018,6.656653881072998,33.55706024169922,1.2414392530918121,0.5251624584197998,14.350016593933105,0.36410751938819885,12.817423820495605,4.450734615325928,45.827286413386155,5.54206657409668,0.38683831691741943,1.6307779550552368,0.013069951280802208,0
00208.png,0.5239530279385534,6.664665222167969,35.31788635253906,1.2349340915679932,0.5141329169273376,15.75719928741455,0.3794316053390503,12.585578918457031,4.825082778930664,49.75486646184926,6.051046848297119,0.3519756495952606,1.655992865562439,0.016723456073999037,0
00209.png,0.562684933729885,6.584366321563721,29.96063995361328,1.2340154647827148,0.46045535802841187,17.177997589111328,0.3960007429122925,12.385396957397461,5.146739482879639,53.03722965219409,6.440059661865234,0.3645782917737961,1.7429687976837158,0.018894200735636094,0
00210.png,0.43873913223400524,6.650453567504883,28.897192001342773,1.22377210855484,0.3671104609966278,14.686256408691406,0.22222572565078735,12.517348289489746,4.351595401763916,44.709324649912745,5.504861354827881,0.4523788094520569,1.80067777633667,0.01620021713506703,0
00211.png,0.3828943756697084,6.710469722747803,29.848876953125,1.2119232416152954,0.33187583088874817,12.896159172058105,0.15921863913536072,11.81015682220459,3.792127847671509,38.68550559632405,4.844900131225586,0.45308375358581543,1.8136484622955322,0.0165774698393958,0
00212.png,0.3697037935753652,6.61474084854126,27.912870407104492,1.2287316918373108,0.3014197051525116,12.211246490478516,0.16529005765914917,11.588957786560059,3.511972188949585,35.64897767117388,4.528013229370117,0.5035919696092606,1.8346014022827148,0.01586631941809703,0
00213.png,0.3926409172641333,6.642974853515625,28.10620880126953,1.2329330444335938,0.31637030839920044,13.1527099609375,0.19517546892166138,11.606902122497559,3.7495007514953613,37.99400683133986,4.810412883758545,0.4862370043992996,1.822521448135376,0.01855580895833608,0
00351.png,0.5973363114322175,7.079093933105469,38.932838439941406,1.240802377462387,0.7440204620361328,20.581045150756836,0.43515944480895996,15.726875305175781,7.63839054107666,76.94351073046349,9.500689506530762,0.13755695894360542,1.2246172428131104,0.0370718201031264,0
00352.png,0.6016891148542342,7.091492176055908,39.83067321777344,1.2194225192070007,0.7175420522689819,21.08620834350586,0.4409105181694031,14.946924209594727,7.79809045791626,78.45294927229126,9.731779098510742,0.15563485771417618,1.3237485885620117,0.03913956454267648,0
00353.png,0.5960404243914116,7.094235897064209,40.403690338134766,1.2492825090885162,0.7413605451583862,19.219789505004883,0.42067235708236694,15.623212814331055,7.2489705085754395,73.28859136709569,9.010167121887207,0.14851929992437363,1.2661950588226318,0.03543271655085477,0
00354.png,0.6060233341995884,7.096127510070801,41.380836486816406,1.2850373685359955,0.745454728603363,18.38750457763672,0.413751482963562,15.763096809387207,6.89001989364624,69.32011869587639,8.543326377868652,0.1622895821928978,1.2535613775253296,0.028252060031872014,0
00355.png,0.5822119836271146,7.0361223220825195,43.9833984375,1.1922428607940674,0.5984365940093994,18.231266021728516,0.41626015305519104,12.926331996917725,6.390127658843994,66.24685786325493,7.849597930908203,0.10506286844611168,1.5497088432312012,0.018902183971313193,0
00356.png,0.5628094130760791,6.999295234680176,43.66826629638672,1.1879713833332062,0.6148233413696289,18.1064395904541,0.4013667702674866,12.932714462280273,6.374400615692139,66.244737188829,7.82785701751709,0.10979341715574265,1.518118143081665,0.02311531241469521,0
00357.png,0.5730275891982521,7.008053779602051,42.359493255615234,1.1943978667259216,0.6121256947517395,18.789506912231445,0.4011520743370056,13.022793769836426,6.620476245880127,68.63608179872796,8.14388370513916,0.12299307063221931,1.5237343311309814,0.024964648241260372,0
00358.png,0.5608403767296629,7.089995384216309,42.812034606933594,1.1816179156303406,0.5725319981575012,19.949237823486328,0.40547120571136475,12.95572805404663,6.90958833694458,71.99534577643071,8.53803539276123,0.14503402262926102,1.5801066160202026,0.027845975741586294,0
00359.png,0.5576706067335515,6.99045991897583,41.7849006652832,1.1927063465118408,0.5727260708808899,19.865150451660156,0.40577632188796997,12.988234996795654,6.734142780303955,69.77181640455619,8.35105037689209,0.16552435979247093,1.6034305095672607,0.029145187027754486,0
00360.png,0.576321290228319,7.116860866546631,42.020896911621094,1.2018492817878723,0.5887750387191772,21.827543258666992,0.4012533128261566,13.571946620941162,7.3505120277404785,76.2802490927962,9.153972625732422,0.18668045476078987,1.581843376159668,0.025907770113216367,0
00363.png,0.6037003664176888,7.132823944091797,36.87697982788086,1.1864162385463715,0.6475467681884766,21.177000045776367,0.37174785137176514,15.08300495147705,7.476748943328857,78.8153494040348,9.394408226013184,0.1806645169854164,1.491572380065918,0.030483159379488305,0
00364.png,0.5690323831313668,7.156655788421631,37.29130554199219,1.1095816791057587,0.5656024813652039,21.72614860534668,0.35654401779174805,14.09870195388794,7.854966640472412,83.02704776838793,9.909322738647461,0.23805133253335953,1.5825235843658447,0.031672210412126756,0
00365.png,0.5796006628373276,7.0926618576049805,34.73516845703125,1.1371394097805023,0.5819463133811951,22.4965877532959,0.3434670567512512,15.028974056243896,8.206927299499512,86.5641804883987,10.356156349182129,0.24221645295619965,1.5456795692443848,0.03167165658033432,0
00366.png,0.5699792368880539,7.028642177581787,33.12157440185547,1.2144977450370789,0.6115632057189941,20.8071346282959,0.31472325325012207,16.430546760559082,7.463486194610596,78.40078452744216,9.40904426574707,0.2503221407532692,1.5030938386917114,0.021911423227337468,0
00367.png,0.5493505063565934,7.1006574630737305,36.04726791381836,1.2427968382835388,0.6183337569236755,20.419174194335938,0.2918301820755005,15.82629108428955,7.209015369415283,75.03434029290375,9.018817901611328,0.267742782831192,1.4996819496154785,0.02319432913012037,0
00381.png,0.32083096870001143,6.742566108703613,29.218996047973633,1.2776007056236267,0.4398592412471771,10.305479049682617,0.24527211487293243,16.388601303100586,3.068936824798584,32.058520422210165,3.8997836112976074,0.09677650779485703,1.5789124965667725,0.008014548152695495,0
00382.png,0.3247295443802424,6.73103141784668,29.740034103393555,1.3071050643920898,0.44223013520240784,10.337645530700684,0.24896635115146637,16.571401596069336,3.093959331512451,32.3321694616724,3.9351117610931396,0.04390774667263031,1.5688796043395996,0.007877862025465518,0
00383.png,0.34368162080669895,6.745469570159912,28.269969940185547,1.2930896878242493,0.40260204672813416,10.335005760192871,0.23288914561271667,16.728810787200928,3.078914165496826,32.25717875007536,3.9255688190460205,0.08747492730617523,1.5639456510543823,0.00747285635647409,0
00384.png,0.32214794265253066,6.760623931884766,34.941524505615234,1.3329837322235107,0.5850794911384583,8.813835144042969,0.2711159586906433,16.51433801651001,2.547786235809326,26.0774829334771,3.295680522918701,-0.12934932112693787,1.2834830284118652,0.004498552739615038,0
00385.png,0.319743319934916,6.684885025024414,33.56203079223633,1.3347012996673584,0.5913330316543579,8.829313278198242,0.26811158657073975,16.680706024169922,2.5272247791290283,25.831016115238203,3.2719900608062744,-0.09320004284381866,1.2498493194580078,0.004434041790527744,0
00386.png,0.30552123480328836,6.702112197875977,34.701751708984375,1.3727872371673584,0.6094212532043457,7.753340244293213,0.28045040369033813,17.043768882751465,2.2492434978485107,22.80889048005714,2.949942111968994,-0.17802569270133972,1.2089464664459229,0.004401673167312162,0
00387.png,0.29484149756732864,6.609320640563965,30.226966857910156,1.392439365386963,0.5768850445747375,7.478899955749512,0.27963176369667053,16.86228847503662,2.0926806926727295,20.992982331429307,2.7964630126953125,-0.09024614095687866,1.2356141805648804,0.005021635577280858,0
00388.png,0.2837954142123189,6.54123592376709,29.681501388549805,1.3861695528030396,0.5779334306716919,7.569520473480225,0.26183369755744934,16.565348148345947,2.0631396770477295,20.56200173838771,2.7911927700042725,-0.08137108385562897,1.2006456851959229,0.005564071400199652,0
00501.png,0.606913839684518,6.668090343475342,32.827171325683594,1.4234849214553833,0.6944934725761414,14.863091468811035,0.4789629578590393,17.347140312194824,4.1531195640563965,42.2682675727032,5.324540138244629,-0.08979494869709015,1.38023841381073,0.031447067897133474,0
00502.png,0.5908300921636143,6.7232770919799805,33.78715515136719,1.4225193858146667,0.6804428100585938,13.931522369384766,0.46585845947265625,17.140220642089844,3.8563151359558105,39.142085547278,4.93415641784668,-0.1681879758834839,1.39212167263031,0.031637837362540805,0
00503.png,0.5942832148577509,6.779234409332275,35.857154846191406,1.405918002128601,0.6929861307144165,15.29582405090332,0.4444146156311035,16.794906616210938,4.167264938354492,42.333251619468676,5.367031097412109,-0.24617861211299896,1.3968008756637573,0.03221732268402527,0
00504.png,0.5971748912109044,6.692044258117676,35.73605728149414,1.419846773147583,0.714057981967926,14.707672119140625,0.47074300050735474,16.850280284881592,3.9858555793762207,40.509660868562946,5.111515522003174,-0.29399503767490387,1.38023841381073,0.03009124133163957,0
00505.png,0.5965473672899054,6.6446919441223145,36.85774230957031,1.45015549659729,0.7093725204467773,15.115456581115723,0.448391854763031,16.994701862335205,3.9557652473449707,40.1728261629546,5.11493444442749,-0.3198772817850113,1.374990701675415,0.029878590405680156,0
00506.png,0.5988408110196423,6.659571647644043,36.3868522644043,1.458394467830658,0.6909014582633972,15.301886558532715,0.4730789065361023,17.196896076202393,3.9551661014556885,40.14759256287205,5.119919300079346,-0.2710692286491394,1.417701244354248,0.030450239354551004,0
00507.png,0.6009525883385965,6.606349468231201,34.36178970336914,1.4719479084014893,0.6601721048355103,15.242127418518066,0.4740294814109802,17.39665412902832,3.9344139099121094,39.88426252336448,5.108617782592773,-0.1717015653848648,1.4780123233795166,0.029646648546187523,0
00508.png,0.5855998686777144,6.695645332336426,34.35768127441406,1.4762258529663086,0.6334627270698547,14.550442695617676,0.4673430323600769,17.382905960083008,3.690680980682373,37.262808785722804,4.821023464202881,-0.19889798760414124,1.4828312397003174,0.03195206076294956,0
00509.png,0.6015386572226292,6.667115211486816,34.53016662597656,1.4946285486221313,0.6356052160263062,14.150609016418457,0.493507981300354,17.690404891967773,3.633537769317627,36.81492857655729,4.70566463470459,-0.15691347420215607,1.5031840801239014,0.02928210519805923,0
00510.png,0.6062483896712182,6.740306854248047,38.06700897216797,1.4448137283325195,0.6364614963531494,15.751912117004395,0.4922792613506317,16.97769021987915,4.243838310241699,43.10612840641501,5.453074932098389,-0.34031742811203003,1.5149552822113037,0.028828493444496842,0
00511.png,0.6104351590516223,6.735313892364502,37.62369918823242,1.44645756483078,0.6422275304794312,15.634069442749023,0.4981916546821594,17.04851531982422,4.185820579528809,42.68008103411668,5.380680084228516,-0.3291214555501938,1.4923523664474487,0.02867067818005642,0
00512.png,0.6217092127715224,6.757498741149902,38.632022857666016,1.4344895482063293,0.664233922958374,16.07684326171875,0.5140451788902283,17.182933807373047,4.363053321838379,44.64864925930324,5.59553337097168,-0.3487539291381836,1.4769337177276611,0.02686337864840821,0
00513.png,0.6255683802814562,6.797415733337402,39.87501907348633,1.4115034341812134,0.6736100316047668,16.44400405883789,0.525044858455658,17.10922145843506,4.6083455085754395,47.238632416716925,5.892888069152832,-0.35311634838581085,1.467890977859497,0.026354841028581183,0
00514.png,0.6374344377735954,6.801567077636719,38.023468017578125,1.415407419204712,0.6940507888793945,16.53215217590332,0.5344358682632446,17.303467750549316,4.644631862640381,47.54262045244628,5.931783199310303,-0.30433666706085205,1.4640779495239258,0.025853200703668762,0
00515.png,0.6265582938855647,6.812833786010742,37.116119384765625,1.397814154624939,0.7063692808151245,15.981101036071777,0.5562882423400879,17.25151824951172,4.628936767578125,47.50931578555828,5.86669397354126,-0.32567235827445984,1.4738306999206543,0.028607480156671736,0
00516.png,0.5852497755145399,6.7110724449157715,37.24150085449219,1.4354451298713684,0.699124813079834,14.694790840148926,0.5035314559936523,17.227432250976562,4.011317729949951,40.91402809820005,5.15154504776001,-0.3344886004924774,1.406704306602478,0.029877776007928767,0
00517.png,0.5849145301265689,6.628154754638672,37.14167022705078,1.4362130165100098,0.7025467157363892,14.892280578613281,0.5147268772125244,16.997146606445312,3.9783098697662354,40.577809278938204,5.1439714431762695,-0.3088319003582001,1.3893675804138184,0.029850838020373846,0
00518.png,0.5799052243319128,6.694925308227539,37.64444351196289,1.4355035424232483,0.6976883411407471,14.947239875793457,0.53822922706604,16.85498332977295,3.970961570739746,40.54898239877534,5.1430583000183105,-0.30017252266407013,1.393049716949463,0.03060509173419804,0
00587.png,0.49248935058708143,6.327469825744629,29.203508377075195,1.6109554767608643,0.8213400840759277,8.840909004211426,0.4188380241394043,21.02108097076416,2.37804913520813,23.43566490728849,3.17388916015625,0.0010303407907485962,0.8719691038131714,0.0198314012802046,0
00588.png,0.48384727403986283,6.332605361938477,29.346782684326172,1.6140716075897217,0.8182222247123718,9.038348197937012,0.4115294814109802,21.06078052520752,2.3238472938537598,22.89063739899834,3.116694927215576,0.007906854152679443,0.8553537726402283,0.021452676417287635,0
00589.png,0.46849506378988864,6.210464954376221,28.54698944091797,1.6206021904945374,0.805400550365448,8.810518264770508,0.3718888759613037,21.267183303833008,2.2293035984039307,21.901991757092812,2.995776653289795,0.01211296021938324,0.7584664225578308,0.01951022042857365,0
00590.png,0.45238964522398556,6.3883137702941895,29.3989315032959,1.638184666633606,0.8170437812805176,7.897327423095703,0.37336528301239014,21.749841690063477,2.052520751953125,20.139892394563145,2.7852187156677246,-0.04871806502342224,0.7857415080070496,0.017224684194695437,0
00631.png,0.5217882180192305,5.833697319030762,21.35401153564453,1.5857884883880615,0.6828789710998535,8.880033493041992,0.4926866292953491,18.848977088928223,2.4599533081054688,24.472043398337377,3.3074512481689453,0.15007559023797512,1.3627820014953613,0.03925656916828881,0
00632.png,0.5315048562313208,5.991462230682373,22.022220611572266,1.5745056867599487,0.6866520643234253,9.454366683959961,0.5066407918930054,18.63773250579834,2.5907158851623535,25.94414220615301,3.4557714462280273,0.16317404434084892,1.3554563522338867,0.03573264311727832,0
00633.png,0.5323926307644594,6.044867515563965,21.202133178710938,1.56320458650589,0.6851605176925659,9.541641235351562,0.5080472826957703,18.696145057678223,2.6283814907073975,26.32622459438623,3.5044920444488525,0.15212353877723217,1.361149549484253,0.03722141249651267,0
00634.png,0.611488825064036,6.179474353790283,20.70392417907715,1.4674214124679565,0.7410835027694702,12.112375259399414,0.5925862789154053,17.62391185760498,3.4198873043060303,34.89349564617274,4.409893989562988,0.05714481137692928,1.2263572216033936,0.03707665648090084,0
00635.png,0.6014580768122896,6.244997978210449,20.90096092224121,1.466495156288147,0.7427914142608643,11.533344268798828,0.5574296116828918,17.396394729614258,3.2609713077545166,33.286195478718646,4.200704097747803,0.0944002176693175,1.1370069980621338,0.03559970647916863,0
00636.png,0.5845668574665608,6.35184383392334,21.702163696289062,1.4746434092521667,0.7463476657867432,11.01142406463623,0.5412188768386841,17.178739547729492,3.094710111618042,31.505468193902335,4.003376007080078,0.10556790232658386,1.1060229539871216,0.03539238143952858,0
00637.png,0.5612199451608207,6.414770126342773,22.637903213500977,1.457055687904358,0.7504454851150513,10.42406177520752,0.5256515145301819,16.340335369110107,2.9642574787139893,30.054148481085825,3.8591818809509277,0.1127554439008236,1.0904953479766846,0.039913510032298705,0
00638.png,0.553567729877686,6.354781150817871,22.4216251373291,1.4777671098709106,0.7636079788208008,9.600335121154785,0.5298156142234802,16.571974754333496,2.7752175331115723,28.029554994075397,3.6277360916137695,0.11226646974682808,1.084020733833313,0.038214157978038454,0
00639.png,0.568543494214878,6.196439743041992,20.06032943725586,1.539005994796753,0.773798942565918,8.987421035766602,0.5301132798194885,18.184983253479004,2.5550687313079834,25.589380541793552,3.3708457946777344,0.09172733733430505,1.1302599906921387,0.03459781738390063,0
00640.png,0.5865553955983641,5.983294486999512,18.019207000732422,1.5647257566452026,0.8003840446472168,9.260894775390625,0.5401039123535156,19.49722194671631,2.590212345123291,25.971721035657048,3.4094960689544678,0.03255107149016112,1.061544418334961,0.03251650804491596,0
00641.png,0.5544121827618681,6.012824535369873,18.147424697875977,1.5188456177711487,0.7525551319122314,10.560489654541016,0.5711219310760498,17.379119873046875,2.895796298980713,29.268536743588125,3.7856504917144775,0.04616955667734146,1.1218678951263428,0.042810602496219055,0
00642.png,0.5571199472207089,5.927290439605713,17.86220359802246,1.5394587516784668,0.7649917602539062,10.379572868347168,0.5752146244049072,17.69001007080078,2.80802583694458,28.28376862680659,3.6968765258789062,0.03865998610854149,1.1940298080444336,0.0421297162716984,0
00643.png,0.5558656874410166,5.820537090301514,17.261682510375977,1.5396701097488403,0.7583394646644592,10.310105323791504,0.579643726348877,17.931191444396973,2.8232498168945312,28.426399885757405,3.7092812061309814,0.05392215587198734,1.164184331893921,0.042051528488115754,0
00644.png,0.561695941440887,5.862653732299805,17.81888198852539,1.5386173129081726,0.7633615732192993,10.578001022338867,0.6263164281845093,18.059846878051758,2.9101815223693848,29.332885173267275,3.820578098297119,0.02212816709652543,1.231325626373291,0.04360129917137593,0
00645.png,0.5588676495595819,5.838319301605225,17.30348777770996,1.5599104762077332,0.7728657722473145,10.115564346313477,0.5904290676116943,18.884263038635254,2.7633090019226074,27.847961267879366,3.6419308185577393,0.010893307626247406,1.112672209739685,0.04271226294475948,0
00646.png,0.5728920817766366,5.959388256072998,18.25583839416504,1.5312475562095642,0.7676926255226135,10.70430850982666,0.6123634576797485,18.332672119140625,2.9456839561462402,29.801703577366503,3.8504583835601807,0.0011355020105838776,1.1599981784820557,0.04205260135151364,0
00647.png,0.5746944985936382,5.948843002319336,17.927818298339844,1.5234267115592957,0.7575974464416504,10.89685344696045,0.6122729778289795,18.01190948486328,2.9858338832855225,30.198581921755782,3.904438018798828,0.017960339784622192,1.1121411323547363,0.042548029795129935,0
00648.png,0.5712586054805222,6.0030741691589355,18.008481979370117,1.5160642862319946,0.7527222633361816,10.875908851623535,0.6224284172058105,17.708712577819824,2.958369731903076,29.915693000303527,3.870522975921631,0.009500399231910706,1.123907208442688,0.04427117759795327,0
00710.png,0.43133528848773783,6.682336330413818,31.304357528686523,1.7601426243782043,0.8623647093772888,7.192084312438965,0.33244824409484863,22.1295108795166,1.6109237670898438,15.18901422317848,2.3282253742218018,-0.013667121529579163,0.6181396245956421,0.01864545518676808,0
00711.png,0.4153604876069886,6.697327613830566,31.850788116455078,1.7575479745864868,0.8513175845146179,6.6292548179626465,0.32394033670425415,22.071118354797363,1.547461748123169,14.548630972682398,2.2493176460266113,-0.04009471833705902,0.6798614263534546,0.01814350229780907,0
00712.png,0.4162201859095273,6.671199798583984,31.50636863708496,1.7437578439712524,0.8364014029502869,6.7265496253967285,0.3317623436450958,21.647286415100098,1.5829027891159058,14.951386443324699,2.287032127380371,-0.05295833945274353,0.7082231044769287,0.016181643975320584,0
00713.png,0.4368149210244187,6.533857822418213,29.08392906188965,1.7275902032852173,0.781869113445282,6.796618461608887,0.3687426447868347,21.266895294189453,1.682412028312683,16.1000499978891,2.3920650482177734,-0.0848420113325119,0.8090407848358154,0.013567966061164484,0
00714.png,0.42452856389524096,6.469598293304443,28.9888858795166,1.7126667499542236,0.7180938720703125,7.030168533325195,0.3354150056838989,20.408525466918945,1.7509878873825073,16.774079951348387,2.4717636108398438,-0.10435044765472412,0.9660470485687256,0.012320312385968228,0
00715.png,0.48020730903363235,6.499575614929199,30.033321380615234,1.7040531039237976,0.787306547164917,8.140351295471191,0.3717843294143677,21.041597366333008,1.9420994520187378,18.860075473579364,2.6805717945098877,-0.14371682703495026,1.0018314123153687,0.014333822646777046,0
00716.png,0.4725554850077134,6.493436813354492,31.16522789001465,1.6978551149368286,0.733921468257904,7.844421863555908,0.36383679509162903,20.526082038879395,1.898800015449524,18.43920853371234,2.619546413421631,-0.1529092788696289,1.1486907005310059,0.01365024890438971,0
00717.png,0.46660000099283716,6.363948822021484,29.212966918945312,1.6898335814476013,0.6967722177505493,7.92744779586792,0.37051689624786377,20.25355339050293,1.9037141799926758,18.531735235087062,2.6234354972839355,-0.05086730420589447,1.1917548179626465,0.013747752312449003,0
00718.png,0.4494251126790291,6.43410062789917,28.685033798217773,1.701034665107727,0.6856396794319153,7.416431903839111,0.3650611937046051,20.390706062316895,1.8090994358062744,17.487212302869924,2.5131208896636963,-0.031045153737068176,1.1905633211135864,0.013069979813051549,0
00719.png,0.45232586069090724,6.450043678283691,28.57710075378418,1.713554561138153,0.7543584704399109,7.33475399017334,0.33945050835609436,21.184514045715332,1.7521432638168335,16.883321276801862,2.4537353515625,-0.12893103063106537,1.0643686056137085,0.012224833234078228,0
00720.png,0.43915752523508295,6.564086437225342,28.98526382446289,1.7160431742668152,0.81331467628479,7.403285026550293,0.34355634450912476,21.90565013885498,1.7444374561309814,16.80473707783468,2.446112632751465,-0.19210265576839447,0.92318195104599,0.0119754313588572,0
00721.png,0.4450565160354147,6.579319000244141,28.70090103149414,1.7236698269844055,0.8479578495025635,7.571557521820068,0.3083193898200989,22.129070281982422,1.7421125173568726,16.68851374157606,2.4528863430023193,-0.13850636780261993,0.8203403949737549,0.011744285695383886,0
00779.png,0.6009167464242033,6.586820602416992,27.285322189331055,1.5960077047348022,0.7318178415298462,12.145119667053223,0.4196484684944153,21.457313537597656,3.1987557411193848,32.466663973998806,4.0768561363220215,-0.038659557700157166,1.401310682296753,0.008728182961569214,0
00780.png,0.6160937043608885,6.529247283935547,26.62010383605957,1.588484525680542,0.727623462677002,12.515567779541016,0.42768651247024536,21.680047035217285,3.3560214042663574,34.09456347634271,4.273983001708984,-0.045790091156959534,1.4465267658233643,0.007891806707568984,0
00781.png,0.6336216544901836,6.573359966278076,26.81441879272461,1.587786614894867,0.7296422719955444,13.085114479064941,0.4637991786003113,21.599151611328125,3.52211594581604,35.872447606861485,4.485076904296875,-0.06895022839307785,1.5022389888763428,0.008679825687282282,0
00782.png,0.6465402541063211,6.575640678405762,26.47051239013672,1.584068775177002,0.7219085693359375,13.884485244750977,0.4606814384460449,21.491851806640625,3.697767734527588,37.764288176895555,4.693289756774902,-0.06432269513607025,1.5443003177642822,0.009101284664563673,0
00783.png,0.6484497475293084,6.563541412353516,26.81525230407715,1.5861402750015259,0.7140966653823853,14.003952980041504,0.4748144745826721,21.40202522277832,3.710176706314087,38.02480860854097,4.706062316894531,-0.07243990898132324,1.5718152523040771,0.009092412043474881,0
00784.png,0.6314500135079272,6.585762023925781,26.944454193115234,1.5972377061843872,0.7132594585418701,12.97357177734375,0.4774978756904602,21.349882125854492,3.4739654064178467,35.51515023555881,4.408179759979248,-0.07182672619819641,1.5332289934158325,0.009958013448180926,0
00785.png,0.6298716959083476,6.618733882904053,28.247533798217773,1.5906797051429749,0.7214261293411255,13.600970268249512,0.4551973342895508,21.00180721282959,3.5962274074554443,36.9154445450631,4.558281421661377,-0.09142850339412689,1.498197317123413,0.008858843295618982,0
00786.png,0.6453940429716671,6.663847923278809,28.841094970703125,1.5882508754730225,0.7452073097229004,14.85448169708252,0.483268678188324,21.03591251373291,3.8931031227111816,40.124926048305184,4.941768646240234,-0.11116562783718109,1.498941421508789,0.009310465795281875,0
00787.png,0.6458521522992365,6.699474334716797,30.20273208618164,1.573527455329895,0.7474093437194824,14.613677978515625,0.4906652867794037,20.76559829711914,3.962970495223999,40.900585099970954,5.001303195953369,-0.12882930040359497,1.4915918111801147,0.00940041540812542,0
00788.png,0.6529548788342548,6.652298927307129,29.412872314453125,1.5709052085876465,0.748684287071228,14.925264358520508,0.4833233654499054,20.816553115844727,4.032337665557861,41.56228054441633,5.089943885803223,-0.10868804901838303,1.5004973411560059,0.00969225491829189,0
00789.png,0.652559171398772,6.6869988441467285,30.216407775878906,1.5618606805801392,0.7401835918426514,15.341483116149902,0.47324687242507935,20.533960342407227,4.066599369049072,41.82974623638553,5.162336349487305,-0.11551879346370697,1.5037513971328735,0.009398137610457595,0
00790.png,0.6601260202722713,6.707635879516602,30.05586814880371,1.5457605123519897,0.7385760545730591,15.629243850708008,0.4816563129425049,20.53150463104248,4.1884236335754395,43.13322965757379,5.3058085441589355,-0.10281641036272049,1.5444667339324951,0.009295002298532957,0
00791.png,0.6580574432866582,6.65579891204834,29.391448974609375,1.5507961511611938,0.7253203392028809,15.39704418182373,0.4859151840209961,20.65578269958496,4.050105094909668,41.64555994775826,5.158123016357422,-0.08426956832408905,1.5489990711212158,0.008785739622038592,0
00792.png,0.6501226547736395,6.634056091308594,29.279348373413086,1.5579676628112793,0.7136363387107849,14.05644702911377,0.49430251121520996,20.74983024597168,3.852015972137451,39.58438903275176,4.864108085632324,-0.07807698845863342,1.538532018661499,0.009468145362345142,0
00793.png,0.6440149913267759,6.602862358093262,29.29305648803711,1.5625140070915222,0.7158121466636658,13.711342811584473,0.5022878646850586,20.57209014892578,3.7503204345703125,38.54320404387678,4.7260541915893555,-0.06660725921392441,1.5222489833831787,0.008860786723387476,0
00794.png,0.6656520188447247,6.620326995849609,29.942413330078125,1.53973388671875,0.6903389692306519,16.199186325073242,0.4711894989013672,19.944902420043945,4.209681034088135,43.25275781611186,5.360912322998047,-0.08189526200294495,1.5861139297485352,0.009236157691969633,0
00795.png,0.6704125723720584,6.669216156005859,30.881940841674805,1.5453779101371765,0.6935473084449768,16.064109802246094,0.476419597864151,19.958988189697266,4.235202789306641,43.582563948737054,5.368056297302246,-0.08464320003986359,1.582146167755127,0.00873235594366135,0
00796.png,0.6731616292034531,6.689744472503662,30.363073348999023,1.5385923385620117,0.6864004135131836,16.56843376159668,0.48139625787734985,19.812955856323242,4.386451244354248,45.20652549424929,5.535171031951904,-0.04204139858484268,1.6045969724655151,0.008191849504643722,0
00797.png,0.6775474824191443,6.672922611236572,29.184812545776367,1.5251742601394653,0.6680806279182434,16.352767944335938,0.4536031484603882,19.940787315368652,4.409335613250732,45.39960705407652,5.546289443969727,-0.011393606662750244,1.6144014596939087,0.008198752275754678,0
00798.png,0.6735232402963185,6.6749491691589355,29.43655776977539,1.5357550382614136,0.6834979057312012,15.385000228881836,0.499588280916214,20.11023235321045,4.256286144256592,43.6194093213375,5.314932823181152,-0.05022725462913513,1.6166138648986816,0.009967366511617927,0
00799.png,0.6718276501343721,6.657214164733887,29.715919494628906,1.5241310000419617,0.6945300102233887,16.34003257751465,0.46634918451309204,20.021942138671875,4.497432231903076,46.16305998633768,5.613646030426025,-0.04291186481714249,1.6285271644592285,0.009223615856816804,0
00800.png,0.6533131726817523,6.615460395812988,28.25518226623535,1.5306602716445923,0.7177457809448242,14.784928321838379,0.4767455458641052,20.665873527526855,4.069681167602539,41.81095126372176,5.123850345611572,-0.02334289252758026,1.5643348693847656,0.010361731450533936,0
00801.png,0.6804603672045687,6.659727096557617,28.838613510131836,1.5378457307815552,0.7294001579284668,17.633590698242188,0.48916709423065186,20.699225425720215,4.632614612579346,47.82109475480654,5.846662521362305,-0.033587731420993805,1.5992562770843506,0.00800248477005138,0
00802.png,0.681539619026986,6.703813552856445,29.284713745117188,1.5225839018821716,0.7408490180969238,17.852712631225586,0.4497714638710022,20.62788200378418,4.753466606140137,49.23221542331992,5.982877254486084,-0.022233881056308746,1.5598695278167725,0.007914211359110803,0
00803.png,0.6810273974206272,6.738093376159668,30.14522933959961,1.5355892777442932,0.7476575970649719,17.04901123046875,0.48660141229629517,20.585144996643066,4.705126762390137,48.72822955431637,5.84568977355957,-0.053588517010211945,1.5585088729858398,0.009094211909711911,0
00804.png,0.6792937385336626,6.761220455169678,31.68792724609375,1.5279957056045532,0.7340915203094482,17.35537338256836,0.49711471796035767,20.140695571899414,4.816389560699463,49.96141495400788,5.98024320602417,-0.07231953740119934,1.5619784593582153,0.009252178573096187,0
00805.png,0.6875927587245793,6.804723739624023,33.499534606933594,1.5055241584777832,0.7417346239089966,18.07846450805664,0.4989144206047058,19.865490913391113,5.011000633239746,51.9482419453603,6.277432918548584,-0.09537597000598907,1.5115330219268799,0.009269635648891382,0
00806.png,0.6594050100548159,6.841422080993652,34.48555374145508,1.4874246716499329,0.7411772012710571,16.97248649597168,0.45289745926856995,19.7834415435791,4.839934825897217,50.05251307433406,6.0415730476379395,-0.1079607903957367,1.491861343383789,0.009186467709729773,0
00807.png,0.6754168688044481,6.90241003036499,34.2633171081543,1.470358669757843,0.7612508535385132,17.176185607910156,0.4497429430484772,19.700380325317383,4.982834815979004,51.31195395751316,6.2271294593811035,-0.07653965055942535,1.4245541095733643,0.01188156576035486,0
00808.png,0.6792899287613836,6.81257438659668,31.96284294128418,1.4801825881004333,0.7629287242889404,15.915513038635254,0.4622982144355774,20.139911651611328,4.679031848907471,48.25027113954724,5.809676647186279,-0.0444229394197464,1.4098618030548096,0.011575715596411032,0
00809.png,0.6778391962258582,6.840104103088379,32.60665512084961,1.465137779712677,0.741102933883667,17.234725952148438,0.4629829525947571,20.012765884399414,4.952242851257324,51.16313417256392,6.2069411277771,-0.04077242314815521,1.454366683959961,0.012028089338325368,0
00810.png,0.6628074014262981,6.830587863922119,32.623844146728516,1.4661476016044617,0.7517396211624146,16.98295783996582,0.44234442710876465,20.083394050598145,4.899774074554443,50.64991349270043,6.079481601715088,-0.01731278747320175,1.441309928894043,0.010289260660413357,0
00811.png,0.6636298666733053,6.879971981048584,33.18791580200195,1.4587717652320862,0.7395185232162476,17.443857192993164,0.4304010272026062,19.947606086730957,5.016505241394043,51.97344907394365,6.243197917938232,-0.0017879307270050049,1.4876374006271362,0.011258065441881416,0
00812.png,0.6497674117930393,6.879881858825684,33.2817268371582,1.4525095224380493,0.7428072690963745,16.94344139099121,0.42463165521621704,19.856961250305176,4.934835433959961,51.10713679902791,6.102995872497559,-0.0032719671726226807,1.49824857711792,0.01136578369041016,0
00880.png,0.6116178561144805,6.453743934631348,29.151477813720703,1.5645080208778381,0.826083779335022,14.209856033325195,0.47594133019447327,19.069951057434082,3.3936526775360107,34.19751083362682,4.374218940734863,-0.11696797609329224,1.355947494506836,0.01788526324138321,0
00881.png,0.6346602957979856,6.66367244720459,33.220703125,1.4978230595588684,0.8503233194351196,16.11301040649414,0.5315900444984436,18.610650062561035,4.033270359039307,41.08978407513557,5.150245666503906,-0.10173017531633377,1.303238868713379,0.019972690891836963,0
00882.png,0.6355409351566648,6.504695415496826,30.071269989013672,1.5196627378463745,0.82868492603302,15.857138633728027,0.5191963911056519,18.71883487701416,3.891688108444214,39.583657904488796,4.985356330871582,-0.08270048350095749,1.3393239974975586,0.019664284388436294,0
00883.png,0.6215215443217245,6.624026775360107,34.2406120300293,1.506945013999939,0.8308814764022827,15.742956161499023,0.5113508701324463,18.584609985351562,3.896972179412842,39.68680681539632,4.975649833679199,-0.11884509027004242,1.284430742263794,0.020283280639748307,0
00884.png,0.6021841166920799,6.850076675415039,38.028297424316406,1.4955890774726868,0.8193269968032837,15.727697372436523,0.48988020420074463,18.45961570739746,3.9237730503082275,39.97264108279734,5.008111476898193,-0.1720525175333023,1.2171834707260132,0.02005214891673188,0
00885.png,0.6047741719281844,6.906530857086182,38.24296569824219,1.4794636964797974,0.8016644716262817,16.509016036987305,0.4895135760307312,18.11029815673828,4.157751560211182,42.399488888534876,5.308137893676758,-0.20835502445697784,1.2789652347564697,0.0223839746341368,0
00886.png,0.6087552725719025,6.888524055480957,38.49414825439453,1.4825795888900757,0.7970811128616333,16.884521484375,0.4686780869960785,18.13894557952881,4.190475940704346,42.670755293982246,5.387337684631348,-0.21112319827079773,1.2735309600830078,0.02117291234041167,0
00887.png,0.5964064337077996,6.908095359802246,38.100181579589844,1.4883902072906494,0.7908338308334351,16.414175033569336,0.46864819526672363,18.09368896484375,4.019119739532471,40.79534768823118,5.173566818237305,-0.20596474409103394,1.2607450485229492,0.022133717409630965,0
00888.png,0.5960146470187077,6.848206996917725,36.566925048828125,1.4954665303230286,0.7772777080535889,16.47614860534668,0.4609544277191162,18.131669998168945,3.970186471939087,40.30804434262365,5.125670909881592,-0.21276897192001343,1.3186839818954468,0.021420405087574618,0
00889.png,0.6027797155422422,6.875848770141602,36.30513381958008,1.4977649450302124,0.769562840461731,16.6252384185791,0.483755499124527,18.19306182861328,4.00033712387085,40.58838939299135,5.167046070098877,-0.22296586632728577,1.3547247648239136,0.021487904301913524,0
00890.png,0.602034952481504,6.858943462371826,36.1942253112793,1.5113617181777954,0.7659916877746582,16.27985191345215,0.47600477933883667,18.222323417663574,3.8572709560394287,39.020603081381495,4.9999542236328125,-0.22080540657043457,1.3456608057022095,0.021437372308665402,0
01046.png,0.5262548720383242,6.627467155456543,28.726076126098633,1.5848957300186157,0.8092032670974731,10.229342460632324,0.4177611768245697,22.220115661621094,2.932637929916382,29.64964897157846,3.7713069915771484,-0.036378756165504456,1.054607629776001,0.009943212753941246,0
01047.png,0.5525495426473455,6.700605392456055,29.821901321411133,1.5541316866874695,0.8225467801094055,10.86880874633789,0.41738706827163696,22.31727123260498,3.2098100185394287,32.60495039380662,4.088471412658691,-0.07303044199943542,1.142399787902832,0.008897314609956549,0
01048.png,0.5330438568827152,6.6868133544921875,29.580909729003906,1.5650843977928162,0.8159294128417969,10.797886848449707,0.42689642310142517,22.225926399230957,3.1400952339172363,31.766205615336197,4.004443168640137,-0.06836657226085663,1.0798934698104858,0.010347507020300592,0
01049.png,0.49657510632886337,6.678484916687012,29.606637954711914,1.5791561603546143,0.7829362154006958,10.349199295043945,0.43347930908203125,21.75819683074951,2.828278064727783,28.584932436844873,3.659891128540039,-0.02319556474685669,1.0287048816680908,0.009275666683589609,0
01050.png,0.5060720260869187,6.611163139343262,27.330514907836914,1.599511742591858,0.7479220032691956,10.367405891418457,0.3982442617416382,21.921257972717285,2.711735248565674,27.241969991877987,3.5471532344818115,0.007190510630607605,1.1826305389404297,0.012065089550767743,0
01051.png,0.5159988982803689,6.570184230804443,27.19232749938965,1.5712989568710327,0.6763309240341187,10.50527572631836,0.4272562265396118,20.725034713745117,2.9499571323394775,29.764404795228803,3.813957929611206,0.019171282649040222,1.3282582759857178,0.014630446517113168,0
01052.png,0.5112620792015242,6.602272987365723,27.47437858581543,1.5506742596626282,0.6125848293304443,10.239130020141602,0.4190414547920227,19.836222648620605,2.997392416000366,30.267814280387995,3.849050521850586,0.07552153617143631,1.4352095127105713,0.01320283005162692,0
01053.png,0.515013226869422,6.6473708152771,28.43082618713379,1.5384604334831238,0.6252124905586243,10.288712501525879,0.42401784658432007,20.117178916931152,3.109509229660034,31.595382943157592,3.9349710941314697,0.01682986319065094,1.422015905380249,0.00876084858745253,0
01054.png,0.5262301294544371,6.722317695617676,29.11893653869629,1.5371897220611572,0.6950956583023071,10.323493003845215,0.42158758640289307,20.63239860534668,3.209526538848877,32.60588912647407,4.0182719230651855,-0.05661201477050781,1.3154736757278442,0.00685067821274939,0
01055.png,0.553507306912799,6.781330108642578,29.899927139282227,1.5349419713020325,0.7793184518814087,11.204813957214355,0.4390888810157776,21.526673316955566,3.3839805126190186,34.48332609252768,4.248533248901367,-0.08207874000072479,1.2259764671325684,0.007087883948232481,0
01056.png,0.5638107111456128,6.756278038024902,30.31705665588379,1.5426668524742126,0.8014612197875977,11.766153335571289,0.45765963196754456,21.703381538391113,3.518867015838623,35.81805120626228,4.398703098297119,-0.030331425368785858,1.1918513774871826,0.007332643682273287,0
01057.png,0.5185071965526383,6.865055084228516,33.037132263183594,1.5380993485450745,0.7770782709121704,11.442925453186035,0.44226348400115967,20.868483543395996,3.323551654815674,33.75960803101603,4.2107415199279785,-0.060862407088279724,1.1416431665420532,0.009333195842197156,0
01058.png,0.4931310124156105,6.771289825439453,33.162960052490234,1.5993697047233582,0.7791016101837158,9.879264831542969,0.4444243013858795,20.85422134399414,2.6584742069244385,26.825418888044453,3.4469125270843506,-0.14397065341472626,1.0853803157806396,0.010077394098518794,0
01212.png,0.6062458803244896,6.401800155639648,27.499874114990234,1.4630339741706848,0.6277866363525391,11.698238372802734,0.45730531215667725,15.717694282531738,4.009779930114746,40.45471581024885,5.052082538604736,0.1933176852762699,1.3970561027526855,0.03652331088320931,0
01213.png,0.590755835132954,6.313133716583252,26.282487869262695,1.4525141716003418,0.5954896211624146,11.075316429138184,0.4265306890010834,15.67461633682251,3.842123031616211,38.99854033252214,4.822258949279785,0.17102272107149474,1.4055631160736084,0.03697059731037213,0
01214.png,0.6105500266902455,6.400954246520996,27.546283721923828,1.4341001510620117,0.599643349647522,12.604777336120605,0.4366840124130249,15.520591735839844,4.3402323722839355,43.97052311867762,5.461507320404053,0.14040832966566086,1.4004625082015991,0.03798719896743235,0
01215.png,0.6176759750676303,6.472059726715088,28.1319580078125,1.4372479319572449,0.6072943806648254,12.778552055358887,0.43074750900268555,15.785881042480469,4.405407428741455,44.794588263957536,5.539724349975586,0.14853335451334715,1.4191864728927612,0.03594840815215891,0
01216.png,0.616809299032608,6.531835556030273,28.50559425354004,1.4398984909057617,0.6173681020736694,12.566309928894043,0.41499873995780945,16.104464530944824,4.33493709564209,44.07960213322197,5.429527282714844,0.156993338605389,1.4178438186645508,0.03293476176030928,0
01217.png,0.634605201424771,6.638093948364258,29.880481719970703,1.4277964234352112,0.6296283602714539,13.783998489379883,0.4470805525779724,15.967476844787598,4.721471786499023,48.016144612050795,5.904236316680908,0.15143702179193497,1.410125494003296,0.03198084540517944,0
01218.png,0.6332830343990553,6.646855354309082,29.85414695739746,1.4155024886131287,0.6307263374328613,14.47764778137207,0.453908234834671,15.75044584274292,4.8614325523376465,49.342077569775576,6.082467555999756,0.14127265464048833,1.4376156330108643,0.03207778003157392,0
01219.png,0.6241421629948155,6.603403091430664,28.72945785522461,1.4055936932563782,0.6125394105911255,14.745389938354492,0.4390776753425598,15.578377723693848,4.906176567077637,49.94177436878952,6.112342357635498,0.18535622209310532,1.4734125137329102,0.03310857901229731,0
01220.png,0.6117391437526626,6.632878303527832,29.76036834716797,1.3865447044372559,0.6049982309341431,14.542953491210938,0.4212532937526703,15.39276647567749,4.859167575836182,49.64598424009564,6.08097505569458,0.17769659869372845,1.5102462768554688,0.03437118735577848,0
01221.png,0.6201659210218834,6.696772575378418,30.515384674072266,1.3614718914031982,0.6052478551864624,15.379254341125488,0.4274275302886963,15.293866157531738,5.175801753997803,52.87100497651573,6.462957382202148,0.1673039123415947,1.5140957832336426,0.0339101012649679,0
01222.png,0.613853967109884,6.718410491943359,30.997909545898438,1.3344992697238922,0.6075932383537292,15.305706024169922,0.4069962799549103,14.963467597961426,5.1917901039123535,53.11807512072184,6.481679439544678,0.16350488923490047,1.5009405612945557,0.034294818968993765,0
01301.png,0.6656355406864559,6.674305438995361,31.538101196289062,1.1207702457904816,0.4818471074104309,19.603429794311523,0.4078398644924164,12.908255100250244,6.968784332275391,70.24476891032609,8.541535377502441,0.3056181073188782,1.6572585105895996,0.03134507983066085,0
01302.png,0.668646031357005,6.6749186515808105,31.091291427612305,1.1223908066749573,0.47080284357070923,19.565317153930664,0.40696439146995544,12.907132625579834,7.001877307891846,70.5273484966653,8.583584785461426,0.3132000267505646,1.6699223518371582,0.03121681525068482,0
01303.png,0.6545090773225261,6.666049003601074,31.049789428710938,1.111112654209137,0.46169668436050415,19.85023307800293,0.3806281089782715,12.671520709991455,7.036982536315918,70.89173839970648,8.651391983032227,0.3120221495628357,1.6724843978881836,0.03171281096054531,0
01304.png,0.6381816993683559,6.679389953613281,30.172449111938477,1.084869533777237,0.4404643177986145,20.963136672973633,0.3425862789154053,12.642365455627441,7.423892974853516,74.79058768592499,9.129751205444336,0.3102209120988846,1.6953411102294922,0.035805491154186145,0
01305.png,0.6289334505824326,6.68258810043335,30.273162841796875,1.0897092521190643,0.44338199496269226,20.598814010620117,0.3320522606372833,12.791817665100098,7.323850154876709,73.99584919593549,9.026028633117676,0.3117132931947708,1.7064929008483887,0.037346562957613925,0
01306.png,0.647189823770557,6.643399238586426,29.47226905822754,1.1016749441623688,0.4463934898376465,20.042957305908203,0.33569252490997314,12.913825988769531,7.22529935836792,72.97418532232052,8.871952056884766,0.32532668113708496,1.685727596282959,0.03281409179070912,0
01307.png,0.6619992878260937,6.644191741943359,29.624004364013672,1.1094348430633545,0.46483248472213745,19.201276779174805,0.3661727011203766,13.0491042137146,7.034416198730469,71.10640867804848,8.600390434265137,0.3237167298793793,1.673748254776001,0.02839425642553598,0
01308.png,0.6654941544037758,6.636864185333252,30.464149475097656,1.1042134165763855,0.4633980989456177,20.304153442382812,0.3849046230316162,12.771474361419678,7.13383150100708,71.76737542244847,8.743733406066895,0.32771076261997223,1.6806933879852295,0.028585738145383184,0
01309.png,0.6628043713067621,6.686645030975342,31.544780731201172,1.0996170341968536,0.4679017663002014,21.630849838256836,0.39125800132751465,12.586140632629395,7.45582914352417,74.7441844975761,9.15359878540039,0.3042896240949631,1.6816580295562744,0.027451214083952246,0
01310.png,0.661916455639539,6.729244709014893,31.9100341796875,1.0956385731697083,0.4612409770488739,23.231708526611328,0.38932910561561584,12.525660991668701,7.92681884765625,79.29805464410997,9.758386611938477,0.2902018278837204,1.687715768814087,0.02842051798471971,0
01311.png,0.6793398878280701,6.633349418640137,30.816476821899414,1.1201142072677612,0.45684003829956055,20.935535430908203,0.45760899782180786,12.652996063232422,7.18851900100708,72.00361173768827,8.828780174255371,0.31713448464870453,1.7086451053619385,0.023915141247542324,0
01312.png,0.673832246154116,6.7003021240234375,31.657188415527344,1.124274581670761,0.4920320510864258,20.701997756958008,0.4719698429107666,12.747194766998291,7.094196796417236,71.14368387785127,8.714101791381836,0.2998051196336746,1.6454352140426636,0.02534904369107431,0
01313.png,0.6633852992037119,6.628782749176025,30.162124633789062,1.1132081747055054,0.4796442687511444,18.874794006347656,0.4833904504776001,12.58843469619751,6.685255527496338,67.2312219930475,8.209885597229004,0.3187727779150009,1.6405317783355713,0.026759751098365973,0
01314.png,0.6614541613255576,6.667747974395752,29.56723403930664,1.107804775238037,0.4837781488895416,19.20842742919922,0.46868979930877686,12.731943607330322,6.945412635803223,70.05323445052346,8.507473945617676,0.31914882361888885,1.6415961980819702,0.02794169148429937,0
01315.png,0.650198796345934,6.7187113761901855,31.166751861572266,1.1204877495765686,0.4962924122810364,18.975648880004883,0.4334678649902344,12.852088451385498,6.815207004547119,69.02015170437878,8.337278366088867,0.31977128982543945,1.6333914995193481,0.02477779953065786,0
01316.png,0.644261823236275,6.724881172180176,31.03816032409668,1.111342966556549,0.4845099151134491,19.38761329650879,0.4368855357170105,12.775390625,6.903461933135986,69.6733264345181,8.447263717651367,0.3234357237815857,1.653417944908142,0.02948080765455704,0
01317.png,0.646092913137387,6.777106761932373,32.20457458496094,1.0950861275196075,0.5039007663726807,20.95448112487793,0.44288188219070435,12.688654899597168,7.484121322631836,75.43525916934301,9.162160873413086,0.29082829505205154,1.6388823986053467,0.03421768442127118,0
01318.png,0.6351314426209028,6.776003837585449,31.86189079284668,1.0766116380691528,0.48953860998153687,22.010984420776367,0.42366814613342285,12.534262657165527,7.823842525482178,78.89372686051644,9.561727523803711,0.2893154099583626,1.6543164253234863,0.03942308936477736,0
01319.png,0.6211729148083805,6.704915523529053,32.40572738647461,1.1806462109088898,0.5059348940849304,15.698244094848633,0.4288288354873657,13.092138290405273,5.412060737609863,55.25736498891695,6.64901065826416,0.3114175498485565,1.6248071193695068,0.0277795091357118,0
01320.png,0.622176228766125,6.698212146759033,31.951059341430664,1.1607111990451813,0.4841710925102234,16.611108779907227,0.4381253123283386,12.897220611572266,5.705142021179199,57.961943913434595,6.987074851989746,0.3284277468919754,1.6596856117248535,0.02858973594835073,0
01321.png,0.6227423692663838,6.7140398025512695,32.97385787963867,1.1859115362167358,0.4812978506088257,16.526613235473633,0.4072340726852417,12.967912673950195,5.670706272125244,57.40809749034878,6.947834491729736,0.3187326639890671,1.6505825519561768,0.026573014869389525,0
01322.png,0.6228392813144097,6.6770429611206055,32.388301849365234,1.176941454410553,0.4693688154220581,17.495868682861328,0.429323673248291,12.543336391448975,5.753331184387207,58.095362510294734,7.092315673828125,0.3140386939048767,1.660900354385376,0.030151934025614596,0
01323.png,0.6296807323058395,6.582525253295898,29.642444610595703,1.2248194515705109,0.46839699149131775,13.272336959838867,0.45826879143714905,12.550296783447266,4.693146705627441,47.60610848734927,5.79014253616333,0.37764260172843933,1.6583830118179321,0.025956365852390112,0
01324.png,0.6443336716190029,6.611822605133057,29.264545440673828,1.2130076587200165,0.5023912787437439,14.653733253479004,0.5201965570449829,13.09946870803833,5.314930438995361,53.94942175990563,6.5075459480285645,0.3445335030555725,1.6012475490570068,0.03069718711906048,0
01365.png,0.6210066371094844,6.829178810119629,36.386592864990234,1.373343050479889,0.4662591814994812,13.54090404510498,0.4821479320526123,13.41245985031128,4.2410054206848145,42.54427664438842,5.323091506958008,0.2749626487493515,1.6563537120819092,0.022832339845625643,0
01366.png,0.598887270992833,6.793765068054199,37.179134368896484,1.3557109832763672,0.4597948491573334,13.231462478637695,0.4527016282081604,13.305231094360352,4.134915351867676,41.471259515823526,5.213969707489014,0.2816164717078209,1.6285009384155273,0.021715247388343673,0
01367.png,0.5855241424503173,6.787697792053223,35.614437103271484,1.3578060269355774,0.45847606658935547,12.224878311157227,0.4140079617500305,13.289567470550537,3.861514091491699,38.73067690276867,4.881341934204102,0.3204037547111511,1.640170931816101,0.0205330072110297,0
01368.png,0.5858822899169732,6.821500778198242,36.49239730834961,1.369267463684082,0.4729830324649811,11.998629570007324,0.41302844882011414,13.579891204833984,3.7908873558044434,38.03520021614566,4.798585891723633,0.2921634167432785,1.6339654922485352,0.02005197366732435,0
01369.png,0.5802440813184013,6.843267440795898,37.078086853027344,1.379301369190216,0.4678959250450134,12.290855407714844,0.39851194620132446,13.57886028289795,3.866314649581909,38.7909121726451,4.898754119873047,0.29799333214759827,1.62852144241333,0.01942840480412573,0
01370.png,0.5995145265877003,6.876955986022949,36.71044158935547,1.36697256565094,0.4704452455043793,12.611140251159668,0.4699108898639679,13.3898286819458,4.072515964508057,40.9130938565271,5.137546062469482,0.293196864426136,1.616901159286499,0.02197090537664886,0
01371.png,0.6149735514122772,6.857549667358398,36.56826400756836,1.3715301752090454,0.5012502670288086,12.575462341308594,0.4809112250804901,13.655972957611084,4.189181327819824,42.160389788951605,5.250340461730957,0.2860029265284538,1.5680911540985107,0.02029114494683135,0
01372.png,0.5983462734850761,6.998847007751465,39.450592041015625,1.2184205055236816,0.5105200409889221,17.317981719970703,0.4130092263221741,12.79029130935669,5.62129545211792,57.325486655836805,6.9040656089782715,0.24413544684648514,1.6539525985717773,0.02400751911899542,0
01373.png,0.5790071749248743,7.041458606719971,40.18034744262695,1.2271167039871216,0.5417466163635254,15.881017684936523,0.39272037148475647,13.278386116027832,5.358095645904541,54.906719313785935,6.579174041748047,0.24082588404417038,1.5984151363372803,0.02229184201556149,0
01374.png,0.5704959264399707,7.055121898651123,39.40149688720703,1.224204033613205,0.5502015948295593,15.27147102355957,0.36713266372680664,13.36176061630249,5.098661422729492,52.21125770308121,6.269878387451172,0.2879352644085884,1.5867929458618164,0.020602631163962205,0
01375.png,0.5849729206844043,6.99455451965332,37.56002426147461,1.2093437612056732,0.5264691710472107,16.771223068237305,0.3720856010913849,13.197737693786621,5.47231912612915,55.91743705839332,6.735133171081543,0.3160528689622879,1.6027007102966309,0.021689393761921565,0
01376.png,0.5955482561562853,6.964516639709473,36.988521575927734,1.20149165391922,0.49749547243118286,17.79419708251953,0.41215991973876953,12.877455711364746,5.650755882263184,57.70501180208863,6.951849937438965,0.3157927393913269,1.6526496410369873,0.023995373578228934,0
01377.png,0.562135635960365,6.840521812438965,36.44227981567383,1.204909473657608,0.4383525848388672,16.475635528564453,0.38950681686401367,12.263417720794678,5.130082130432129,52.200860983663965,6.369155406951904,0.3142395094037056,1.7118380069732666,0.0355559697077554,0
01378.png,0.5737761795016151,6.843784809112549,34.36662292480469,1.1933048069477081,0.4579649269580841,19.204771041870117,0.3405868411064148,12.828558444976807,5.863666534423828,59.484629397619564,7.271818161010742,0.31694386899471283,1.7033865451812744,0.032498976307742344,0
01379.png,0.585582501574638,6.825661659240723,34.86149978637695,1.2141827940940857,0.47789180278778076,17.192617416381836,0.3675571084022522,12.7955002784729,5.257020950317383,53.45651368153729,6.51545524597168,0.3085966110229492,1.6884921789169312,0.02548573876603465,0
01380.png,0.5505966091146723,6.7886247634887695,36.68799591064453,1.2475713193416595,0.48555371165275574,13.747507095336914,0.3798506557941437,12.815952777862549,4.239421367645264,43.17316175378028,5.281845569610596,0.3102747052907944,1.6705186367034912,0.01957747936489199,0
01381.png,0.5485637488845289,6.834995746612549,38.84772872924805,1.2712680101394653,0.5140666961669922,12.736245155334473,0.38895654678344727,12.91576337814331,4.036794662475586,41.225577305662775,5.0294904708862305,0.29053445160388947,1.6271485090255737,0.018773085598760515,0
01382.png,0.5656800854677769,6.9008049964904785,40.1950569152832,1.2969106435775757,0.5288649797439575,13.35852336883545,0.42381414771080017,13.161767482757568,4.218829154968262,43.057339890680446,5.246841907501221,0.261615090072155,1.5924994945526123,0.02026357983792023,0
01420.png,0.543289531219725,6.12080192565918,30.87555694580078,1.331786870956421,0.46745115518569946,10.57665729522705,0.5335628986358643,13.111105918884277,3.390923023223877,33.58119282583099,4.35187292098999,0.10092043876647949,1.5824778079986572,0.04213258743738952,0
01421.png,0.5375905419178302,6.097454071044922,31.053407669067383,1.3165454268455505,0.4564841389656067,10.76122760772705,0.505805253982544,12.893487930297852,3.5091536045074463,34.819119078307274,4.501267433166504,0.08773075044155121,1.5857267379760742,0.043678926498476225,0
01422.png,0.5665291916815676,6.191924095153809,31.011573791503906,1.3539845943450928,0.47281613945961,10.89500904083252,0.5552282929420471,13.229519844055176,3.522984743118286,34.93313898195299,4.514383316040039,0.08235105127096176,1.5791637897491455,0.04221989081830649,0
01423.png,0.5521374864514251,6.299610137939453,33.96810531616211,1.346711277961731,0.4798405170440674,11.20652961730957,0.5047140121459961,13.358599185943604,3.5908093452453613,35.63189512803702,4.61885929107666,0.04031084477901459,1.5658783912658691,0.041145137906516735,0
01424.png,0.5619475583896734,6.3630828857421875,33.35455322265625,1.3090315461158752,0.4839608073234558,11.623114585876465,0.5030356645584106,13.07422924041748,3.771028518676758,37.72147863163351,4.808978080749512,0.04915134608745575,1.5809844732284546,0.042766623367148766,0
01425.png,0.556907140204398,6.381399154663086,33.852256774902344,1.296168714761734,0.47867512702941895,11.876778602600098,0.4657338261604309,13.22796106338501,3.899388551712036,39.277416013421686,4.9240522384643555,0.056746721267700195,1.6015634536743164,0.03980940576146904,0
01426.png,0.5587202400363924,6.3478498458862305,32.794742584228516,1.3168579936027527,0.46314579248428345,11.434975624084473,0.5005627870559692,13.212682247161865,3.6992101669311523,37.079847941677244,4.708711624145508,0.06706702709197998,1.5897376537322998,0.043643226053924004,0
01427.png,0.577547522880896,6.397908687591553,32.964454650878906,1.3054555654525757,0.4711533784866333,12.076406478881836,0.5222297310829163,13.323733806610107,3.9489035606384277,39.75940119959979,4.993251800537109,0.048216745257377625,1.5987526178359985,0.04432761047262762,0
01428.png,0.5704297324867975,6.447017669677734,34.93635177612305,1.2635590136051178,0.47947296500205994,13.303898811340332,0.49590805172920227,13.144952774047852,4.339206695556641,43.85559277398071,5.451348781585693,-0.0054881274700164795,1.6039466857910156,0.04639207727770618,0
01429.png,0.5656891733437808,6.402896881103516,33.136051177978516,1.304395318031311,0.4364343285560608,12.791759490966797,0.5464906096458435,13.166625022888184,4.124715328216553,41.568594897681244,5.187929153442383,0.02269648015499115,1.657740592956543,0.046836810587509006,0
01430.png,0.5549717842120945,6.409125804901123,35.72288513183594,1.3095712065696716,0.4285910129547119,12.94092082977295,0.5538725852966309,13.16510534286499,4.0655903816223145,40.72385048146029,5.1608195304870605,0.0006801187992095947,1.6191790103912354,0.04560422163334978,0
01431.png,0.5627228378914397,6.583319664001465,38.16823959350586,1.2831638157367706,0.4567098319530487,14.302495002746582,0.5600692629814148,13.261658668518066,4.5456647872924805,45.48655280428437,5.7502875328063965,-0.04793733358383179,1.5752431154251099,0.04832388011802412,0
01432.png,0.5838356073599476,6.608036994934082,36.361488342285156,1.286553293466568,0.48013582825660706,14.9291353225708,0.543460488319397,13.456583023071289,4.807613372802734,48.02827736134662,6.043205261230469,0.009504064917564392,1.5706839561462402,0.044819416574438734,0
01433.png,0.5960144394866725,6.695466041564941,34.41458511352539,1.2729180753231049,0.501532256603241,15.576996803283691,0.5342270135879517,13.574175357818604,5.084697723388672,50.68818649062156,6.369034290313721,0.060272522270679474,1.5592399835586548,0.0428935028461007,0
01434.png,0.6179812971955764,6.770624160766602,34.14408493041992,1.2241943776607513,0.537706732749939,17.333139419555664,0.5624934434890747,13.503507614135742,5.788468837738037,57.82459348135931,7.17939567565918,0.06635535508394241,1.5429706573486328,0.041983932422394,0
01435.png,0.6351189343277142,6.811070442199707,35.13307189941406,1.2318097949028015,0.5555659532546997,17.783565521240234,0.5879179239273071,13.817636489868164,5.9868574142456055,59.970416563543836,7.3850250244140625,0.0410996675491333,1.5051636695861816,0.039141085861973075,0
01436.png,0.6347093595874975,6.781902313232422,34.43090057373047,1.2388162314891815,0.543528139591217,17.612436294555664,0.5445965528488159,13.627561092376709,5.8848090171813965,58.92638197841918,7.270611763000488,0.06196960061788559,1.533005952835083,0.037018642888895587,0
01437.png,0.6119341289227298,6.78934383392334,34.81105422973633,1.2477067708969116,0.5124751925468445,16.9769344329834,0.5045650005340576,13.796978950500488,5.677483081817627,56.93817409639005,7.062066555023193,0.04071325063705444,1.5597739219665527,0.041455531066281505,0
01438.png,0.6170833727378656,6.837187767028809,35.03936767578125,1.2376878559589386,0.5166590809822083,17.101869583129883,0.4993589520454407,13.931774616241455,5.845300197601318,58.713047949332356,7.271745681762695,0.04106999933719635,1.5615919828414917,0.04236398727204819,0
01439.png,0.632944903508018,6.901982307434082,34.907569885253906,1.234162151813507,0.5623249411582947,17.488950729370117,0.5082921385765076,14.226504802703857,6.113792896270752,61.661372211804135,7.563732147216797,0.04647085815668106,1.5147831439971924,0.03953620182628573,0
01440.png,0.6327411262678883,6.865571975708008,34.38820266723633,1.2357818186283112,0.5599411725997925,17.377885818481445,0.5029619336128235,14.150633811950684,6.055338382720947,61.038516360526216,7.496306419372559,0.05049716681241989,1.5160123109817505,0.038234595393708125,0
01441.png,0.630451393714312,6.8893842697143555,33.688323974609375,1.2239819467067719,0.5602332353591919,17.707979202270508,0.5054625868797302,14.072266578674316,6.173038482666016,62.326343062765694,7.627511501312256,0.06432373821735382,1.5526061058044434,0.03905792970395084,0
01442.png,0.6341655500237335,6.882620811462402,33.36700439453125,1.2137814462184906,0.5563721656799316,18.276094436645508,0.5170133709907532,13.998778820037842,6.3374176025390625,63.937731568652005,7.816567897796631,0.07727464288473129,1.568627119064331,0.0381654804063535,0
01443.png,0.6402930567812045,6.86671257019043,33.227787017822266,1.224326491355896,0.5620259046554565,18.551437377929688,0.5164839029312134,14.008341312408447,6.3471479415893555,63.929340745828526,7.849210739135742,0.07646893709897995,1.5661860704421997,0.03591991626420987,0
01474.png,0.6071524126772185,6.550090789794922,29.491228103637695,1.327626258134842,0.46711909770965576,13.998380661010742,0.4796738028526306,14.350639343261719,4.654022693634033,46.74373153700775,5.817840576171875,0.14099746569991112,1.6216858625411987,0.04008613222890704,0
01475.png,0.6022001195076007,6.547689437866211,29.92184829711914,1.3369196355342865,0.4576117992401123,13.30863094329834,0.44066357612609863,14.27509593963623,4.43397331237793,44.6141380449901,5.560882568359375,0.14420991763472557,1.6311960220336914,0.03704656680220236,0
01476.png,0.599838238838334,6.54951286315918,29.734949111938477,1.3315662741661072,0.4431338906288147,13.314279556274414,0.4325938820838928,14.37934923171997,4.471934795379639,45.156044725329735,5.591113090515137,0.13961612433195114,1.6606568098068237,0.039975764557732385,0
01477.png,0.5980106905103202,6.532001495361328,29.9469051361084,1.3257199227809906,0.4368242621421814,12.94917106628418,0.443387508392334,14.238028049468994,4.3819355964660645,44.32954279832539,5.485713481903076,0.1333157867193222,1.659806489944458,0.03932704179006372,0
01478.png,0.5986310418320377,6.514312744140625,29.162328720092773,1.3208439946174622,0.4605802595615387,12.89454174041748,0.44212326407432556,14.31131649017334,4.437844753265381,44.95231716569018,5.5424981117248535,0.1310892254114151,1.6435341835021973,0.04093537566961535,0
01479.png,0.6154408340065426,6.497002601623535,27.10588836669922,1.303289383649826,0.4877295196056366,13.423458099365234,0.4726046025753021,14.517156600952148,4.716489315032959,47.6627926798194,5.871631622314453,0.15504908189177513,1.6051186323165894,0.041972351071610216,0
01480.png,0.6233163540947165,6.501423358917236,27.58241844177246,1.3018322587013245,0.4717848300933838,12.967813491821289,0.4650411605834961,14.675332069396973,4.735973834991455,47.98655367987537,5.8508782386779785,0.17115162126719952,1.6375558376312256,0.03559789085177855,0
01481.png,0.6338378894703826,6.5632123947143555,27.712358474731445,1.284222424030304,0.48649829626083374,14.320791244506836,0.4580632150173187,14.824157238006592,5.1598992347717285,52.21729775298516,6.37802267074585,0.18922138027846813,1.6447291374206543,0.034616822609352185,0
01482.png,0.6155076524077346,6.54426908493042,27.315078735351562,1.2841628789901733,0.5012915134429932,14.541522026062012,0.456818550825119,14.57392168045044,5.146672248840332,52.20857691351309,6.347222328186035,0.169843512121588,1.6387419700622559,0.04126355946885871,0
01483.png,0.6174890649760771,6.51522970199585,26.95496940612793,1.3430355191230774,0.5085731148719788,13.232544898986816,0.4736480116844177,15.04261589050293,4.6378254890441895,46.96508105947343,5.738211631774902,0.15650601964443922,1.6212172508239746,0.037531314242316344,0
01484.png,0.6211603051293145,6.490091800689697,25.49239158630371,1.3531616926193237,0.4936563968658447,13.023849487304688,0.4634476900100708,14.974212646484375,4.5400710105896,45.974121009037255,5.613981246948242,0.18305445555597544,1.6443421840667725,0.03795089058114348,0
01485.png,0.6148618771331961,6.607658386230469,28.077001571655273,1.317893236875534,0.5013723373413086,13.812912940979004,0.47602781653404236,14.670818328857422,4.774987697601318,48.401854117682845,5.921152114868164,0.13217123970389366,1.6289591789245605,0.04100205398567897,0
01486.png,0.6118050544232243,6.651402473449707,28.87838363647461,1.3063953220844269,0.48905280232429504,14.397452354431152,0.4248892366886139,14.634334564208984,4.902018070220947,49.738177687040356,6.092924118041992,0.1413436271250248,1.64959716796875,0.03687082359872546,0
01487.png,0.5986234698499939,6.60132360458374,28.510757446289062,1.3006008863449097,0.5005039572715759,13.852945327758789,0.44514888525009155,14.607102394104004,4.795034885406494,48.88178755790258,5.941869258880615,0.15146366506814957,1.6482447385787964,0.038442187482156664,0
01488.png,0.5995053034978005,6.577882766723633,27.32074546813965,1.3070785999298096,0.4827353358268738,13.741654396057129,0.4277957081794739,14.588079452514648,4.745777130126953,48.39420618541958,5.874016761779785,0.18604071997106075,1.6770968437194824,0.03695302134484956,0
01489.png,0.5995339811693368,6.685635566711426,29.74274444580078,1.285885363817215,0.48000869154930115,14.750874519348145,0.43687114119529724,14.71928596496582,5.058954238891602,51.558553603375614,6.282495021820068,0.15659146942198277,1.6786391735076904,0.03555643183226712,0
01490.png,0.601480984957449,6.672621726989746,29.310420989990234,1.2606612145900726,0.4910368323326111,15.661590576171875,0.4640430212020874,14.357330799102783,5.372347354888916,54.61780331657278,6.659788131713867,0.13639746978878975,1.677602767944336,0.04190109772432307,0
01491.png,0.6164885304281775,6.694965362548828,29.920907974243164,1.2619672119617462,0.5095217823982239,16.246349334716797,0.4521437883377075,14.566463470458984,5.526159286499023,55.92396588600421,6.852588176727295,0.12424594536423683,1.6450273990631104,0.03841560519954814,0
01492.png,0.6283118443530545,6.63203239440918,29.553421020507812,1.264697015285492,0.5061436295509338,16.601179122924805,0.4978380799293518,14.30980634689331,5.653615474700928,57.34275414071425,6.986207008361816,0.1487023290246725,1.6556785106658936,0.03736461278869279,0
01493.png,0.6283370539501436,6.63300895690918,29.0338077545166,1.2739110887050629,0.4970339834690094,16.22158432006836,0.4542011618614197,14.289756774902344,5.469000339508057,55.40640070820634,6.7687788009643555,0.1602522563189268,1.6742804050445557,0.03407665605402165,0
01494.png,0.6113004728809212,6.6692705154418945,27.89034652709961,1.1710759401321411,0.5480294227600098,14.764613151550293,0.42871636152267456,14.749144554138184,5.74390983581543,59.81410631141656,7.010132789611816,0.17730825394392014,1.5964375734329224,0.041589011711573025,0
01495.png,0.6122364927003356,6.772429466247559,29.526525497436523,1.128180980682373,0.5515447854995728,16.812255859375,0.4336172342300415,14.339609622955322,6.396911144256592,66.54685913485199,7.888979434967041,0.14972788342856802,1.61727774143219,0.04619990299475562,0
01496.png,0.5849643450698842,6.802521228790283,31.601856231689453,1.1530370116233826,0.5223323106765747,14.702921867370605,0.4275759160518646,14.232933521270752,5.6520586013793945,59.015994986074794,6.90281867980957,0.12725838273763657,1.6366312503814697,0.04239292214448986,0
01497.png,0.6018036947984995,6.788244724273682,31.798654556274414,1.1505315005779266,0.5235580801963806,16.09453773498535,0.41150492429733276,14.076032161712646,6.062995910644531,63.08244719170034,7.431429862976074,0.12654204666614532,1.653337001800537,0.038290160996300435,0
01498.png,0.6055383065028825,6.823116302490234,32.793418884277344,1.1476847231388092,0.5316428542137146,16.591371536254883,0.4145907759666443,14.114086151123047,6.21926212310791,64.6735065715709,7.626989364624023,0.11411420628428459,1.6464412212371826,0.03707759829856865,0
01499.png,0.6075058804401664,6.756663799285889,30.64251708984375,1.1320402026176453,0.5233603119850159,17.047286987304688,0.4232942461967468,13.882133960723877,6.377042770385742,66.2752847595649,7.79602575302124,0.13523404486477375,1.6523420810699463,0.039627272906226946,0
01500.png,0.6161752663090988,6.52800178527832,26.048019409179688,1.1384295523166656,0.534085214138031,16.385784149169922,0.47203513979911804,13.448303699493408,6.0478668212890625,62.698864436512444,7.406700611114502,0.1692078486084938,1.6312029361724854,0.043340957563115845,0
